{"cameraMode":{"drawMode":0,"name":"Shaded","section":"Shading Mode"},"sceneLighting":true,"audioPlay":false,"sceneViewState":{"m_AlwaysRefresh":false,"showFog":true,"showSkybox":true,"showFlares":true,"showImageEffects":true,"showParticleSystems":true,"showVisualEffectGraphs":true,"m_FxEnabled":true},"in2DMode":false,"pivot":{"x":-8.739781379699707,"y":-0.23188233375549317,"z":1.4397897720336915},"rotation":{"x":-0.04777379706501961,"y":0.8258490562438965,"z":-0.07078249752521515,"w":-0.5573936104774475},"size":7.912818908691406,"orthographic":false}