{"cameraMode":{"drawMode":0,"name":"Shaded","section":"Shading Mode"},"sceneLighting":true,"audioPlay":false,"sceneViewState":{"m_AlwaysRefresh":false,"showFog":true,"showSkybox":true,"showFlares":true,"showImageEffects":true,"showParticleSystems":true,"showVisualEffectGraphs":true,"m_FxEnabled":true},"in2DMode":false,"pivot":{"x":2.0862817764282228,"y":1.8644838333129883,"z":4.434911251068115},"rotation":{"x":0.031431350857019427,"y":-0.9372857213020325,"z":0.08771287649869919,"w":0.33588963747024538},"size":1.6729846000671387,"orthographic":false}